{"native_ensemble": {"lipms": {"G29": {"mean": 847.4610994393461, "lb": 678.9473054096812, "ub": 1040.2030303028137}, "G61": {"mean": 487.2403164127203, "lb": 380.25803747168726, "ub": 594.681858048473}, "G104": {"mean": 389.66401490121524, "lb": 285.8700374257267, "ub": 492.7362808071906}, "D172": {"mean": 390.48240285245936, "lb": 295.53339317813766, "ub": 484.26868227336547}, "K231": {"mean": 947.9191308724647, "lb": 671.7781994483668, "ub": 1247.1250892180867}, "S264": {"mean": 885.1859088757986, "lb": 618.0183410706197, "ub": 1149.7742267395577}, "K355": {"mean": 601.1083759128074, "lb": 518.3763982590623, "ub": 711.939088200142}}, "xlms": {"K27-T32": {"mean": 0.04163182611970052, "lb": 0.0, "ub": 0.07810658079474189}, "K27-S33": {"mean": 0.05356077175939833, "lb": 0.0, "ub": 0.07817843960277573}, "K27-K82": {"mean": 0.030180740565487366, "lb": 0.0, "ub": 0.06233302676365299}, "K27-K84": {"mean": 0.03654244298251737, "lb": 0.0, "ub": 0.06248292596439485}, "K27-K243": {"mean": 0.0, "lb": 0.0, "ub": 0.0}, "K30-K49": {"mean": 0.003018056308626317, "lb": 0.0, "ub": 0.01857413978182411}, "K30-K84": {"mean": 0.05035089464520261, "lb": 0.01044548946307205, "ub": 0.06264217843873339}, "K49-K84": {"mean": 0.058457838505697184, "lb": 0.0485711656869444, "ub": 0.06265066897293112}, "Y80-K84": {"mean": 0.01165380939310103, "lb": 0.007380260918380762, "ub": 0.019693127376122027}, "K116-K120": {"mean": 0.02937503236379143, "lb": 0.014854542702572306, "ub": 0.04801320821475388}, "K119-K127": {"mean": 0.02053923119078088, "lb": 0.006204596562403157, "ub": 0.04833727540881746}}}, "native": {"lipms": {"G29": {"M": 781.858508562056}, "G61": {"M": 453.77989209676184}, "G104": {"M": 354.1011453279232}, "D172": {"M": 305.9255469290176}, "K231": {"M": 680.6122964846883}, "S264": {"M": 711.7791299200887}, "K355": {"M": 544.7056168838873}}, "xlms": {"K27-T32": {"M": 0.01650798314242951, "jwalk": 6.903935046942321}, "K27-S33": {"M": 0.07247724256549751, "jwalk": 13.907686594552997}, "K27-K82": {"M": 0.04817889597309463, "jwalk": 24.31589583249638}, "K27-K84": {"M": 0.05786514255267841, "jwalk": 22.24069927441989}, "K27-K243": {"M": 0, "jwalk": 63.09829346175456}, "K30-K49": {"M": 0.005988681040568827, "jwalk": 33.49634632909625}, "K30-K84": {"M": 0.04789764333405128, "jwalk": 15.032973671817503}, "K49-K84": {"M": 0.06260455985208509, "jwalk": 19.429497894740486}, "Y80-K84": {"M": 0.01232841046064984, "jwalk": 8.336389628192485}, "K116-K120": {"M": 0.03341606472548698, "jwalk": 12.560789296434702}, "K119-K127": {"M": 0.014878804295725828, "jwalk": 30.496346329096248}}}}