{"native_ensemble": {"lipms": {"G29": {"mean": 847.4753265121278, "lb": 678.9309372397252, "ub": 1040.5237169370237}, "G61": {"mean": 487.269441773485, "lb": 380.4054666555755, "ub": 594.5411893323868}, "G104": {"mean": 389.66846994447917, "lb": 285.72532775268184, "ub": 493.36336335096917}, "D172": {"mean": 390.4735194637273, "lb": 295.6356026908005, "ub": 484.1434638380519}, "K231": {"mean": 947.9390183721525, "lb": 671.7398297378398, "ub": 1246.7717587116201}, "S264": {"mean": 885.1920000272478, "lb": 617.5855551854611, "ub": 1149.7531543452528}, "K355": {"mean": 601.0944488057743, "lb": 518.4517764057792, "ub": 712.3727469007274}}, "xlms": {"K27-T32": {"mean": 0.041613235136263776, "lb": 0.0, "ub": 0.07810512817265422}, "K27-S33": {"mean": 0.05369175167360303, "lb": 0.0, "ub": 0.07817872774425795}, "K27-K82": {"mean": 0.030169589203354955, "lb": 0.0, "ub": 0.062331438685058596}, "K27-K84": {"mean": 0.03646480458377646, "lb": 0.0, "ub": 0.062490848865404895}, "K27-K243": {"mean": 0.0, "lb": 0.0, "ub": 0.0}, "K30-K49": {"mean": 0.0030404170085443724, "lb": 0.0, "ub": 0.018666126056902644}, "K30-K84": {"mean": 0.050289612406236965, "lb": 0.00977482094975141, "ub": 0.06264299143817856}, "K49-K84": {"mean": 0.05842376672392616, "lb": 0.048589423361921874, "ub": 0.06264887344611517}, "Y80-K84": {"mean": 0.011653137673605025, "lb": 0.007380260918380762, "ub": 0.019693127376122027}, "K116-K120": {"mean": 0.02930117894142518, "lb": 0.01484662772970995, "ub": 0.048123502512074964}, "K119-K127": {"mean": 0.02039407501909204, "lb": 0.00608948470898249, "ub": 0.04864620014681212}}}, "native": {"lipms": {"G29": {"M": 781.858508562056}, "G61": {"M": 453.77989209676184}, "G104": {"M": 354.1011453279232}, "D172": {"M": 305.9255469290176}, "K231": {"M": 680.6122964846883}, "S264": {"M": 711.7791299200887}, "K355": {"M": 544.7056168838873}}, "xlms": {"K27-T32": {"M": 0.01650798314242951, "jwalk": 6.903935046942321}, "K27-S33": {"M": 0.07247724256549751, "jwalk": 13.907686594552997}, "K27-K82": {"M": 0.04817889597309463, "jwalk": 24.31589583249638}, "K27-K84": {"M": 0.05786514255267841, "jwalk": 22.24069927441989}, "K27-K243": {"M": 0, "jwalk": 63.09829346175456}, "K30-K49": {"M": 0.005988681040568827, "jwalk": 33.49634632909625}, "K30-K84": {"M": 0.04789764333405128, "jwalk": 15.032973671817503}, "K49-K84": {"M": 0.06260455985208509, "jwalk": 19.429497894740486}, "Y80-K84": {"M": 0.01232841046064984, "jwalk": 8.336389628192485}, "K116-K120": {"M": 0.03341606472548698, "jwalk": 12.560789296434702}, "K119-K127": {"M": 0.014878804295725828, "jwalk": 30.496346329096248}}}}