{"native_ensemble": {"lipms": {"G29": {"mean": 847.483415261293, "lb": 678.9137540088827, "ub": 1040.5550611092883}, "G61": {"mean": 487.35565956284296, "lb": 380.4409529005221, "ub": 594.9079762181328}, "G104": {"mean": 389.7083013429674, "lb": 285.7065694550156, "ub": 493.5157269470091}, "D172": {"mean": 390.49207584127055, "lb": 295.63164180103973, "ub": 484.2799481354129}, "K231": {"mean": 947.9284709698348, "lb": 671.6635739411668, "ub": 1246.765430754403}, "S264": {"mean": 885.1682875642467, "lb": 617.5811478858491, "ub": 1149.6923853945475}, "K355": {"mean": 601.0951133720413, "lb": 518.4085378973809, "ub": 712.3610324582777}}, "xlms": {"K27-T32": {"mean": 0.04161615735013285, "lb": 0.0, "ub": 0.07810512817265422}, "K27-S33": {"mean": 0.0536950295104508, "lb": 0.0, "ub": 0.07817872774425795}, "K27-K82": {"mean": 0.030160091517278737, "lb": 0.0, "ub": 0.06232969738982013}, "K27-K84": {"mean": 0.036455066653754455, "lb": 0.0, "ub": 0.062490848865404895}, "K27-K243": {"mean": 0.0, "lb": 0.0, "ub": 0.0}, "K30-K49": {"mean": 0.003041202435365448, "lb": 0.0, "ub": 0.018666126056902654}, "K30-K84": {"mean": 0.05027833862212469, "lb": 0.009736383260469569, "ub": 0.06264299143817856}, "K49-K84": {"mean": 0.058418063997201376, "lb": 0.0485711656869444, "ub": 0.06264887344611517}, "Y80-K84": {"mean": 0.011654492824151768, "lb": 0.007380260918380762, "ub": 0.019693127376122027}, "K116-K120": {"mean": 0.02930569805856603, "lb": 0.014841878745992536, "ub": 0.0481720789811241}, "K119-K127": {"mean": 0.020403621935371735, "lb": 0.006088545666054863, "ub": 0.048948987044335965}}}, "native": {"lipms": {"G29": {"M": 781.858508562056}, "G61": {"M": 453.77989209676184}, "G104": {"M": 354.1011453279232}, "D172": {"M": 305.9255469290176}, "K231": {"M": 680.6122964846883}, "S264": {"M": 711.7791299200887}, "K355": {"M": 544.7056168838873}}, "xlms": {"K27-T32": {"M": 0.01650798314242951, "jwalk": 6.903935046942321}, "K27-S33": {"M": 0.07247724256549751, "jwalk": 13.907686594552997}, "K27-K82": {"M": 0.04817889597309463, "jwalk": 24.31589583249638}, "K27-K84": {"M": 0.05786514255267841, "jwalk": 22.24069927441989}, "K27-K243": {"M": 0, "jwalk": 63.09829346175456}, "K30-K49": {"M": 0.005988681040568827, "jwalk": 33.49634632909625}, "K30-K84": {"M": 0.04789764333405128, "jwalk": 15.032973671817503}, "K49-K84": {"M": 0.06260455985208509, "jwalk": 19.429497894740486}, "Y80-K84": {"M": 0.01232841046064984, "jwalk": 8.336389628192485}, "K116-K120": {"M": 0.03341606472548698, "jwalk": 12.560789296434702}, "K119-K127": {"M": 0.014878804295725828, "jwalk": 30.496346329096248}}}}