{"native_ensemble": {"lipms": {"D8": {"mean": 658.9819432817284, "lb": 507.1937939610042, "ub": 761.0152982557892}, "I18": {"mean": 287.7241184550677, "lb": 211.20902233311418, "ub": 384.3719436058233}, "S33": {"mean": 848.6209647738964, "lb": 667.9346796474065, "ub": 1004.8167590095941}, "D34": {"mean": 770.1680755828118, "lb": 594.3873721849061, "ub": 924.6962815675801}, "A35": {"mean": 713.4329750532612, "lb": 546.5375220440021, "ub": 867.4298465961884}, "K49": {"mean": 464.7750969108391, "lb": 394.73556382016824, "ub": 562.4217882676875}, "E65": {"mean": 863.3088847590233, "lb": 741.9377668158945, "ub": 992.9690988402616}, "E70": {"mean": 779.6143663815691, "lb": 648.8640579796829, "ub": 929.7533885073908}, "S73": {"mean": 607.2511036966661, "lb": 464.66880013187745, "ub": 761.0903482336277}, "V78": {"mean": 472.8547197218779, "lb": 358.6800794591079, "ub": 597.529655349789}, "K82": {"mean": 667.5276738213956, "lb": 577.485671386258, "ub": 777.4223370654039}, "V92": {"mean": 777.7850456203364, "lb": 617.5116294272688, "ub": 906.3032978326635}, "E103": {"mean": 425.26159112017376, "lb": 251.21593713803256, "ub": 522.0969874515572}, "E105": {"mean": 379.8417804299353, "lb": 296.21143806936124, "ub": 472.2480583153426}, "L106": {"mean": 277.2437844567905, "lb": 217.656595723968, "ub": 375.76275722529084}, "L132": {"mean": 390.8659497825535, "lb": 315.1900621502938, "ub": 556.1402644965362}, "C133": {"mean": 300.34270832838223, "lb": 231.47981686032173, "ub": 466.80351847733476}, "F136": {"mean": 230.90419300415155, "lb": 174.61522538925908, "ub": 335.2671723062729}, "D139": {"mean": 171.1651270025893, "lb": 114.66939065347164, "ub": 257.69360880564966}, "Q148": {"mean": 326.7573205762005, "lb": 228.8794015513861, "ub": 690.976464988795}, "A149": {"mean": 309.9947466458196, "lb": 215.74620746574902, "ub": 768.2649345935946}, "E170": {"mean": 358.295466068561, "lb": 236.6438821459068, "ub": 436.1091928626291}, "K179": {"mean": 822.5511369247322, "lb": 701.6885727206752, "ub": 946.6512441922132}, "I188": {"mean": 432.6454829307623, "lb": 270.9456684549954, "ub": 548.3969553661007}, "T196": {"mean": 530.4138285036126, "lb": 383.89867708864773, "ub": 706.3756689369274}, "S205": {"mean": 489.2303007659257, "lb": 409.3921841308526, "ub": 569.8099110805629}, "G216": {"mean": 106.96229209043325, "lb": 22.733794487495192, "ub": 271.04440088446285}, "N219": {"mean": 170.02328338599474, "lb": 62.679247663315216, "ub": 396.9950482398613}, "T220": {"mean": 254.97550749807144, "lb": 131.91836169981627, "ub": 498.7789230990878}, "I222": {"mean": 415.947837921156, "lb": 269.5795882302168, "ub": 641.5913745272586}, "I286": {"mean": 438.57281363439773, "lb": 243.98394472908666, "ub": 754.6276036566671}, "S290": {"mean": 447.6803309085652, "lb": 333.3535689384051, "ub": 646.7748762764209}, "L305": {"mean": 328.18420527174743, "lb": 249.3088378492679, "ub": 415.52500274583593}, "G308": {"mean": 201.60951279356598, "lb": 95.03488478245713, "ub": 359.82751064386423}, "P309": {"mean": 309.8890002734612, "lb": 179.15336360714238, "ub": 468.2385377313538}, "V312": {"mean": 554.727431792666, "lb": 364.86232651846, "ub": 731.9906743654213}, "S332": {"mean": 450.1995700802193, "lb": 356.8596853669947, "ub": 548.1306896826227}, "S336": {"mean": 422.03700817163747, "lb": 325.0646235091317, "ub": 520.7666341808083}, "G339": {"mean": 336.9924038524364, "lb": 233.9933609337956, "ub": 450.6346135523846}, "D354": {"mean": 703.5158685703809, "lb": 610.9704385804878, "ub": 822.6381270494112}, "F366": {"mean": 394.60686399086256, "lb": 285.611705515036, "ub": 505.2566128117949}, "P376": {"mean": 470.5992857308763, "lb": 380.6645009713611, "ub": 609.1492277874688}}, "xlms": {"M1-T124": {"mean": 1.5706038027635506e-05, "lb": 0.0, "ub": 0.0}, "S2-K179": {"mean": 0.07058521338818377, "lb": 0.03586841441167669, "ub": 0.07821690117605899}, "S2-K387": {"mean": 0.05524322025132193, "lb": 0.014129336285172123, "ub": 0.07817260418164357}, "K5-K387": {"mean": 0.05589565403322319, "lb": 0.00831156794606296, "ub": 0.06265658029406575}, "T7-S33": {"mean": 4.4026590846382465e-06, "lb": 0.0, "ub": 0.0}, "K30-K84": {"mean": 0.0492973865477008, "lb": 0.006989783834191803, "ub": 0.06264292482967285}, "K49-K82": {"mean": 0.03941291682260904, "lb": 0.014434257597196746, "ub": 0.059232967681951756}, "K116-K120": {"mean": 0.02936277407897413, "lb": 0.014854542702572306, "ub": 0.04798127338122365}, "K116-T124": {"mean": 0.05282128977307022, "lb": 0.029603281613152715, "ub": 0.07470242427724302}, "K119-T124": {"mean": 0.057668336864355636, "lb": 0.02808124966966487, "ub": 0.07786491166833387}, "K119-K127": {"mean": 0.02459168843528304, "lb": 0.00912051191945182, "ub": 0.051027249764404654}, "K119-K387": {"mean": 0.0024816952592202376, "lb": 0.0, "ub": 0.03677579029710848}, "K120-Y234": {"mean": 0.00012832979883287978, "lb": 0.0, "ub": 0.0}, "T124-K128": {"mean": 0.025054592600263777, "lb": 0.015011457500411952, "ub": 0.04202948964833492}, "S126-K128": {"mean": 0.003965586958120796, "lb": 0.0, "ub": 0.07538626378181551}, "T270-S273": {"mean": 0.0633432126801663, "lb": 0.0, "ub": 0.10394762907923645}}}, "native": {"lipms": {"D8": {"M": 565.5462804901522}, "I18": {"M": 249.66520277997802}, "S33": {"M": 805.9736473548504}, "D34": {"M": 717.3636859275366}, "A35": {"M": 674.0558278984454}, "K49": {"M": 412.672114980291}, "E65": {"M": 787.9300366337084}, "E70": {"M": 665.2674910013038}, "S73": {"M": 484.5290871919894}, "V78": {"M": 393.42449571783476}, "K82": {"M": 594.3846639828757}, "V92": {"M": 719.5493630816248}, "E103": {"M": 400.06549173632646}, "E105": {"M": 345.77524491224386}, "L106": {"M": 224.09757370549084}, "L132": {"M": 336.88550631896436}, "C133": {"M": 239.5800498098269}, "F136": {"M": 176.7892619942684}, "D139": {"M": 98.60243881905475}, "Q148": {"M": 230.97396151710396}, "A149": {"M": 228.52080093007376}, "E170": {"M": 288.6755902661056}, "K179": {"M": 671.1359918113831}, "I188": {"M": 321.8504055103086}, "T196": {"M": 447.49323711256517}, "S205": {"M": 437.9421198547683}, "G216": {"M": 37.74636009658649}, "N219": {"M": 74.15650334431307}, "T220": {"M": 161.46924186684652}, "I222": {"M": 250.9581780959055}, "I286": {"M": 205.7504035743674}, "S290": {"M": 329.0368679456549}, "L305": {"M": 260.3353385496374}, "G308": {"M": 72.17287755946023}, "P309": {"M": 174.68036864264198}, "V312": {"M": 350.6368114910178}, "S332": {"M": 420.66649324832383}, "S336": {"M": 411.6782600688013}, "G339": {"M": 208.05710914238517}, "D354": {"M": 616.7744287848243}, "F366": {"M": 317.5482271840969}, "P376": {"M": 416.05964379081024}}, "xlms": {"M1-T124": {"M": 0, "jwalk": 40.31028398257606}, "S2-K179": {"M": 0.07739479861043401, "jwalk": 16.64455211173761}, "S2-K387": {"M": 0.07108414703311068, "jwalk": 13.668648162209067}, "K5-K387": {"M": 0.06170552654743097, "jwalk": 18.583845024927506}, "T7-S33": {"M": 0, "jwalk": 32.88129737212348}, "K30-K84": {"M": 0.05526008305501065, "jwalk": 16.507894321000705}, "K49-K82": {"M": 0.03471535401213046, "jwalk": 26.619243606425776}, "K116-K120": {"M": 0.03341606472548698, "jwalk": 12.560789296434702}, "K116-T124": {"M": 0.04486509487231477, "jwalk": 10.522383792267096}, "K119-T124": {"M": 0.055881738207300906, "jwalk": 20.082861724582166}, "K119-K127": {"M": 0.02641446394994844, "jwalk": 28.068372253315776}, "K119-K387": {"M": 0, "jwalk": 35.94255868461561}, "K120-Y234": {"M": 0, "jwalk": 42.599412934107995}, "T124-K128": {"M": 0.025066355346626244, "jwalk": 8.205759001911694}, "S126-K128": {"M": 0, "jwalk": -1}, "T270-S273": {"M": 0.053155453273590864, "jwalk": 16.54356355136791}}}}